Guttenavn,Jentenavn,Etternavn,Annet
Trenere,Anemi,Opphørssal,Puss
Gullus,Aga,Brekkenakk,Knort
Pancreas,Everta,Brennes,Verte
Ærend,Bilde,Slagghaug,Dalgaard
Pertellus,Pilsine,Tynes,Udde
Presens,Dalgaard,Torskeseter,Ikke
Endelikt,Snelie,Grubu,Tafri
Vorte,Udda,Sessen,Restrant
Leppin,Kvisthild,Krepertsen,Pels
Knort,Alpakka,Buud,Tittitt
Estellus,Bidélle,Tørtland,Aiaiai
Metro,Vrangborg,Hånes,Annet
Fimpus,Ova,Stokkand,Funnet
Verte,Prezense,Sauesal,Hølje
Stelling,Barna,Kvikkvik,Wår
Grønnik,Kilde,Skifersen,Sjebne
Presterian,Ankara,Benkeplass,Widde
Volum,Rispeline,Snakkesal,Fjell
Margius,Ideala,Vending,Kåfi
Steile,Ikke,Innsjø,Prikkat
Graderin,Gurente,Vanedammen,Kemm
Nedert,Apparata,Huff,Tåfis
Bråttom,Kinny,Synes,Skull
Passelius,Tulippa,Drønning,Kino
Gang,Abba,Enden,Kjempefrisck
Kaktus,Guttorma,Knipetangen,Sulten
Enorm,Odde,Knekke,Rågo
Purt,Himlbjørg,Hvermansen,Steinfin
Parion,Karavanda,Håhaaland,Fisk
Godtlik,Vanveig,Pleen,Fugl
Margobenius,Øshild,Sjelden,
Frundk,Steinfrid,Odelsgaard,
Gensert,Vellvel,Sprekken,
Bynes,Svorvor,Engelhetsen,
Teflonius,Venta,Strøsand,
Bestis,Spesielle,Ingenmannsland,
Kanvel,Småshild,Smakeng,
Vaginalius,Enveig,Hvalskogen,
Sneie,Dilte,Tomt,
Hundre,Lemstera,Grus,
Glndp,Grotty,Bøyeli,
Hansino,Wenninna,Laase,
Gasvind,Fjerna,Snydersen,
Pengejens,Borgveig,Vidvinkel,
Feilvar,Talgny,Knarrgrend,
Kantstein,Seriosa,Våtfoss,
Ulvar,Fabelakty,Fahrenheit,
Gråmus,Nesla,Hemmeli,
Bensert,Forstotte,Sommereng,
Tonn,Villikke,Kårstua,
Spader,Etterhverte,Feberheim,
Vanntert,Unna,Heiaheia,
Jentorm,Stakitta,Slikvik,
Forsvind,Borte,Herli,
Nert,Bredvidie,Snikvik,
Børmert,Retthild,Springvatn,
Gran,Killalie,Oppføra,
Vefferito,Perioda,Drakkholm,
Osten,Hylle,Helheim,
Vemm,Stankelmøy,Dilldal,
Prack,Caramelle,Meitemark,
Fillin,Christabil,Småting,
Laurdag,Isafone,Drikkfeldt,
Uggen,Pekksnifante,Fredersen,
Remedius,Jesussa,Billigsal,
Jekt,Kontante,Utenfors,
Tåsen,Crise,Strikkefjord,
Brade,Påståely,Burgerberg,
Drøy,Perforera,Smergelvad,
Kakkel,Messy,Drogvåg,
Passus,Vakthild,Tørrvåg,
Flein,Steinensina,Pjekkertson,
Ulle,Snydense,Bakbord,
Kabelin,Fiskalia,Svelget,
Dilo,Vekkrarie,Mørkemark,
Sørbert,Søra,Badeland,
Gate,Side,Kakebakken,
Sjelegott,Nelene,Merkeli,
Stannar,Corea,Gnelle,
Nattfinn,Cresence,Vennskakk,
Bedro,Natta,Vannberg,
Nitten,Brillalie,Armkroken,
Cordan,Syntaxia,Brettesen,
Innleggsole,Villrid,Kvalmen,
Hitman,Dyna,Gårtomt,
Faseus,Beppi,Mjukberg,
Holder,Nulla,Bestkjeller,
Ananas,Verdeni,Brilleland,
Krepert,Katamarana,Ørkenfoss,
Tåsen,Grine,Raskesen,
Helion,Budenalia,Bingebu,
Porto,Stily,Pines,
Vindvind,Neselie,Steinkast,
Gralb,Gøteborg,Beinbrudd,
Dropp,Prippina,Stilling,
Nidkjar,Unna,Knapphullet,
Vikhamar,Neste,Reinskavet,
Turnus,Finalia,Sykkelåsen,
Slage,Ørsta,Fingerbredd,
Konstruksjohn,Snarita,Gralbsen,
Gunnhildus,Kremenie,Gunnhildussen,
Vorfran,Kremessa,Dobro,
Alerpenert,Obline,Ferjeleiet,
Dirger,Stungunn,Skakkjøret,
Elefrans,Vodka,Bærbaret,
Snydens,Enerette,Borgervern,
Karakterjago,Satannia,Tukle,
Ripper,Christesse,Svinn,
Ofte,Upa,Gåsen,
Herrvind,Regrette,Klekkerhi,
Skifer,Egga,Nehei,
Coffert,Inni,Malerhi,
Hvilliphred,Bitedetisveig,Småshei,
Tåfus,Vitrine,Fikenblad,
Framhaldsole,Gudhild,Bedehus,
Pellets,Ideelle,Vesten,
Pilker,Forgrenia,Forsida,
Fasjonabel,Bedikke,Verblia,
Væme,Freidi,Pokernes,
Skinnfel,Tekkhild,Tarmenes,
Ekornar,Gluonnara,Byggmarker,
Disputas,Vidrid,Emo,
Tykkje,Feberfrid,Mormo,
Livert,Banna,Barnemo,
Steder,Fatterikke,Vannseng,
Brennevind,Vinn,Dobbeltseng,
Dertil,Peneste,Videreføra,
Blung,Øllgjær,Sotteseng,
Pjekkert,Koreografie,Tiøra,
Tekstil,Vitty,Tettneset,
Askefas,Beduina,Ropertsen,
Tåle,Dørbjørg,Vingeskutt,
Allert,Vliseline,Plagsommer,
Stilling,Stelle,Skai,
Asp,Telleria,Fetteren,
Pepperonus,Vente,Reinhald,
Stutt,Krampatara,Atterhald,
Telle,Naturlie,Frekk,
Amper,Migrene,Glipp,
Trio,Begredelia,Tittenthei,
Ernus,Ragnvild,Strunk,
Grebert,Blidrid,Vinland,
Bedwin,Penicillina,Hyllest,
Ganske,Vorgunn,Forifjord,
Lunar,Masala,Fredsti,
Frittatus,Duja,Arbeidstien,
Belg,Syfiliss,Ettermo,
Storgard,Regelrette,Gapkratt,
Benk,Nyvor,Vankelmo,
Verje,Kallavaduville,Skittenbru,
Bremund,Odle,Fjoll,
Tåre,Frikka,Polfaret,
Mulius,Pessara,Rettetangen,
Ivert,Ebarikse,Sykkelstien,
Veneris,Okarina,Overveld,
Grevling,Sjalotte,Fandenivold,
Basketas,Gny,Rank,
Vedlar,Nadella,Vipp,
Helenus,Verdense,Hylhøgda,
Glath,Blusse,Fåfeng,
Lyver,Stilla,Behovet,
Fillifrans,Besterie,Innimellem,
Berre,Pappalina,Svoren,
Totalitus,Karta,Sovner,
Gruls,Frederikkine,Kardanger,
Spannrik,Agrara,Middagsti,
Enten,Klodil,Somvilo,
Styr,Måvelle,Ensmo,
Gjørhan,Pera,Lakkeli,
Folkefest,Peyene,Orangutangen,
Bifinn,Festa,Purungen,
Aske,Pagoda,Fytterakkestad,
Fungus,Ålborg,Bifinnsen,
Tregg,Nedenthilde,Ståhei,
Pekefinn,Drepène,Sittehei,
Benck,Vanly,Bytterett,
Borghildian,Remedia,Kjempestorp,
Lams,Flatulense,Godplass,
Dingle,Nedel,Ergre,
Treder,Sparianne,Evergren,
Vidreformidlian,Underly,Sugekloppen,
Brennbert,Iveig,Kaffekloppen,
Vumund,Vissna,Bilhornet,
Stillstan,Parafrasa,Papiren,
Vinck,Oberste,Beksømstøa,
Soppmund,Mikalie,Uffdal,
Krøbel,Storebil,Neidal,
Perfeksjohn,Villse,Hvordal,
Skamben,Geberdis,Fotogren,
Steg,Kasta,Ærlia,
Varanger,Fredrette,Utrydningen,
Mannorm,Kanberra,Ophkast,
Vinge,Gjespera,Bråkerson,
Døgenick,Dreitia,Værpen,
Steil,Anglara,Maserson,
Breckeckel,Bastante,Skandahl,
Stohan,Billi,Supersund,
Frackas,Månveig,Futterdahl,
Sihan,Divanta,Skambehn,
Juniustus,Priss,Besteven,
Trikk,Vennli,Vinduskvarmen,
Røbrus,Funnie,Valgskrede,
Solveigusius,Revelje,Minke,
Fekk,Docka,Sodavatn,
Brunbjørn,Vekkelse,Stikkavgard,
Compas,Aldrid,Døpevatn,
Fåde,Stakkalita,Klorvatn,
Brask,Bassny,Skyhei,
Gransus,Hvilla,Vinkelen,
Nedbert,Leppa,Hvitvei,
Akkbjørn,Djevelle,Knallrud,
Takkert,Santja,Hervær,
Herlius,Uvurderlie,Burgunderrud,
Gramert,Regime,Rødskjær,
Mandag,Titta,Gulskjær,
Peler,Evapora,Ikkeværson,
Lemfelder,Interette,Ikkeson,
Orkert,Hara,Hviskelekeplassen,
Velle,Gremline,Stryp,
Ingeter,Alltida,Raute,
Bremen,Fantikke,Bøh,
Finfinn,Trampoline,Selvom,
Ekkert,Natveig,Sleiten,
Parkas,Belda,Gladvoll,
Oresus,Infernalia,Vendbaret,
Emmanus,Litt,Skrotum,
Ejgard,Neglebritt,Osten,
Lorre,Ihuga,Ekstrovær,
Annbert,Etikette,Uken,
Gauk,Bedotte,Orge,
Breselius,Drita,Stålkontrål,
Ve,Vikipedia,Kvalme,
Åtter,Vitrine,Holde,
Blick,Endokrine,Okkesem,
Derbjørn,Utenetta,Akkbakk,
Enbert,Karamelle,Midtimodt,
Korsfest,Riv,Manglermodt,
Gentellmann,Stødy,Mannemodt,
Daggert,Finitte,Tilby,
Jyhn,Etelleranna,Rugby,
Membrian,Vinnerikke,Innby,
Finstas,Villvesta,Kameratsli,
Derbert,Titt,Familievoll,
Treben,Barnhild,Gørresen,
Funke,Jettemøy,Maurthue,
Daskas,Pupolie,Fiise,
Tadenutius,Vingunn,Kniise,
Skjermer,Aja,Gamleheim,
Fysen,Vinduelle,Lågh,
Nemmen,Woyly,Øhm,
Styl,Petresse,Sølliksen,
Fadrian,Khaffea,Oppsand,
Terge,Krukkveig,Stantzen,
Appert,Kremlinn,Slagbjørnsen,
Særling,Extra,Vinterwetter,
Trekkmund,Demona,Holdtill,
Bålder,Zilki,Helst,
Fibel,Snarveig,Mohse,
Trang,Bistina,Askefastland,
Nøkkel,Finti,Sopph,
Peker,Tissy,Grøftegrav,
Pergamund,Gangbara,Sengh,
Pils,Safta,Snei,
Sneier,Bestilly,Drikkdrikksen,
Ellebert,Oborg,Overbekken,
Fråde,Enna,Bergenservik,
Utforskas,Jerte,Aelund,
Lyger,Eddara,Mannavhuse,
Nagle,Pangenia,Kjevlen,
Beggert,Bimm,Vitterli,
Glissando,Pille,Vanilje,
Gram,Spinnvild,Albatrossen,
Klemy,Rigide,Lilla,
Fender,Ennda,Haugevis,
Prenk,Matrose,Littzen,
Beder,Emalje,Drueland,
Foredrago,Uteborg,Edrueli,
Lamon,Ødel,Stønnesen,
Malle,Klangelica,Heksebrenna,
Vepps,Taria,Latterli,
Overt,Hussette,Foth,
Malabert,Bramedegda,Akillesæl,
Isbjørn,Gida,Kneskål,
Rankert,Fenese,Låhr,
Fester,Ferie,Bakenden,
Demon,Vartitte,Navle,
Mundur,Jabba,Uggen,
Sutter,Generelle,Lutre,
Kramgott,Gnissel,Fletting,
Vedermund,Stinn,Bretting,
Pes,Tokia,Gaasa,
Rødvind,Forglemmegveig,Blodstrømmen,
Kjære,Kreta,Pepre,
September,Forskjellie,Hankan,
Rave,Brittsi,Lyhs,
Snebjørn,Pillhild,Viderverd,
Under,Cledely,Asjetterud,
Steik,Me,Harduseth,
Zalando,Tekkesse,Friske,
Svaker,Hildhild,Omveg,
Sønder,Øya,Spikersen,
Takksam,Geberde,Ulykken,
Knebelbert,Igga,Forulykken,
Bram,Pestilense,Bitvik,
Melihus,Amme,Stumtjern,
Holdmund,Futta,Grabben,
Tillitian,Omelia,Trosseland,
Hevert,Lille,Tree,
Intereshans,Bilveig,Leie,
Tynnis,Begotte,Sneie,
Fråde,Bildur,Guul,
Derelikt,Sprida,Guel,
Mykje,Ontologie,Middelmo,
Mankere,Ellevild,Mersmark,
Verdensfred,Vemda,Bleieberg,
Lottmund,Elette,Bartebye,
Inar,Kurtise,Svoem,
Gom,Drenerie,Toi,
Lykkus,Uta,Kitlesen,
Galmann,Bretthild,Brannmann,
Vader,Alta,Villmann,
Ferelius,Knisele,Stipuleringen,
Mesmerius,Maximiliane,Kakamo,
Gravid,Dunbjerg,Klistra,
Februar,Veldedie,Lammens,
Kappleik,Annati,Pesstrøngan,
Herje,Pitra,Belønning,
Korpus,Gselnie,Bort,
Okkar,Enka,Skøg,
Velte,Temptesse,Unnseli,
Eikar,Winche,Rentetoppen,
Idillian,Lua,Høreland,
Våv,Willotte,Bremse,
Mylg,Verdi,Pentøy,
Fender,Brynette,Billignes,
Ropert,Vilhvine,Alldro,
Arkipelago,Nara,Hundro,
Bader,Balaclava,Handro,
Bris,Stønni,Treigstad,
Grei,Karantene,Vottevik,
Vridar,Mølje,Rotfyllingen,
Barbert,Joda,Knehasen,
Alvor,Pikante,Nock,
Skriver,Krita,Brøste,
Løren,Karmine,Estlender,
Trengsel,Tistel,Veggum,
Glaus,Ferdy,Takum,
Asbestus,Mikkvild,Vindum,
Vegre,Hitra,Mynth,
Tampas,Felelie,Topplokket,
Middelmann,Rabiata,Bollekinn,
Ernt,Oppgava,Spenning,
Forgott,Histerie,Tilfjord,
Dard,Otta,Glied,
Snurrebert,Døgnvild,Stopåto,
Taus,Millione,Bikkom,
Vankel,Guttsy,Kirkebrokk,
Angstman,Glemme,Usandane,
Teip,Rasbjørg,Startkabelvåg,
Fergustus,Visteria,Vartikkedal,
Frant,Bally,Partikkelen,
Bonus,Unde,Støkke,
Vidrian,Syntesia,Gåifrøland,
Menerebbe,Burrita,Styggin,
Stikler,Katsie,Vorterud,
Fenge,Entina,Planli,
Seif,Brudette,Liggemo,
Sprettert,Vanvara,Ståstad,
Derman,Budhild,Konge,
Bord,Egrerie,Kysse,
Maraton,Mistelle,Spau,
Urnst,Vanera,Allihopen,
Ebenso,Primalie,Fikle,
Palisander,Babla,Sikle,
Vukkert,Vettuva,Uland,
Aftenius,Kentine,Vunderbaum,
Freck,Tencke,Bernesås,
Hvermand,Stillferdy,Vrengeseth,
Itteje,Setra,Prikkvik,
Stuggur,Galla,Hollandesås,
Zalamander,Anngry,Fargeland,
Farlian,Jonei,Oversveg,
Foranker,Stilltie,Passeli,
Kremator,Intetanne,Mathrisen,
Piskedausen,Ønska,Oppoverbakken,
Vejerv,Coma,Finsti,
Uviljar,Komhera,Bilsæther,
Finte,Finna,Barnesæther,
Desken,Deppi,Pirkeland,
Vimpel,Stykkpriss,Gudveit,
Fenge,Tittrid,Bensertsen,
Smuldre,Fussel,Fyken,
Ivanus,Mahogny,Brukbaret,
Konsert,Turgla,Gangstien,
Streben,Hicke,Stetson,
Sterben,Represalie,Paraglia,
Plenum,Solvild,Hendeli,
Mindus,Prosa,Uhelle,
Tinnitus,Illebil,Kroppen,
Beder,Fredensborg,Dattne,
Bedre,Pleonasma,Sykne,
Pagan,Stillebil,Kindness,
Pode,Rødlill,Fallesyken,
Spisobor,Blålill,Vekeblad,
Fagert,Neppe,Bindevev,
Smalo,Syndi,Bestem,
Frist,Camera,Beklem,
Niste,Holdi,Fikle,
Tatak,Storemor,Allsangen,
Gest,Nordkalotte,Visp,
Makan,Mandoline,Sjøstjern,
Ufred,Tadenme,Propp,
Døgn,Umulie,Vardøgen,
Frittvald,Uvilja,Supernova,
Stancker,Farbara,Denitjveita,
Sove,Peppermøy,Utenforra,
Berfram,Stilken,Serrud,
Frydulf,Hvilken,Ulvestammen,
Hybel,Charaktera,Påstam,
Forvert,Begrunnelse,Tilstam,
Roro,Begredel,Hullet,
Atal,Skjønnmali,Dragsuget,
Sjabert,Svartmali,Vannfossen,
Eckel,Ueni,Ladetfaret,
Sjarm,Sillilie,Vissenhagen,
Krisus,Vevi,Tottenham,
Tørn,Gåneda,Erklæringen,
Ferger,Timeplanne,Edammen,
Sukker,Vrikke,Parameteren,
Onde,Kamerata,Muli,
Fiks,Titte,Vevstolen,
Vuvu,Ufeilbarlie,Storby,
Vrengt,Oldny,Mislykken,
Gust,Broddny,Ulykken,
Grundius,Caserna,Bengelen,
Flust,Alkemi,Vasstanken,
Barbengt,Overa,Strøa,
Flertal,Krevera,Brillebro,
Natero,Byste,Skikkeli,
Nøckel,Stivsine,Skoggerloen,
Pannick,Stramline,Fedreland,
Lutter,Nynor,Uvær,
Ickemehr,Krafti,Fiskeskjær,
Stedshans,Vikhanne,Tullerud,
Ækte,Snuss,Vinterhamm,
Ævå,Pytti,Vedensom,
Stusse,Ytterste,Herberg,
Villsvind,Vada,Grufvesjakt,
Blede,Hengerfesther,Gårrundtå,
Herkomst,Verdensborghild,Sittpåhuk,
Høyre,Tana,Gatelangen,
Obert,Pushy,Vejer,
Smertefrikk,Talje,Snusen,
Bilfrikk,Kulinara,Magen,
Skyfrikk,Tulippa,Bøyer,
Eltefrikk,Filipine,Vispetangen,
Steg,Skalletta,Knefallet,
Glemm,Eremedea,Fesjoa,
Pomadeus,Fullina,Varsku,
Kikkert,Stjerte,Tikketibu,
Merkedag,Låvedora,Vammel,
Gire,Delegata,Potteskard,
Premens,Fizzy,Streberen,
Lignar,Egnette,Omkring,
Kleber,Banketta,Bunkers,
Bredben,Stiletta,Bankers,
Blantander,Sunne,Frafallet,
Gurglar,Kantate,Skolten,
Breidar,Korsveig,Kirkefjern,
Grønnbrand,Styri,Kveldsroa,
Gulbert,Gevira,Elgheim,
Proper,Fyda,Uroa,
Lettvind,Skumella,Bartenær,
Piske,Vindusruth,Vortenær,
Nattdrak,Spissrun,Stuketoa,
Maraton,Nytti,Sådesang,
Pistole,Neva,Lack,
Aldrian,Sellerine,Aldriansen,
Rustfrikk,Byste,Makeli,
Rusten,Klysterie,Lunefugl,
Paddel,Skolefrid,Gulbertsen,
Cano,Barnefrid,Breidarson,
Coffor,Hytteturid,Huttetua,
Klysterius,Canossa,Vinland,
Canon,Batterid,Hyttetomta,
Pakkmann,Forlatte,Bysteflata,
Konjack,Innmari,Vårstemning,
Veggur,Hysterid,Danck,
Fattigmann,Komhita,Taleføret,
Solur,Kardashiane,Emningen,
Brodd,Fisla,Pitbull,
Vondter,Stutte,Svaret,
Knekt,Mye,Oppne,
Fissur,Meliss,Ullungen,
Mingle,Charisma,Anger,
Spam,Culminere,Oppskjæret,
Bedhring,Underlivia,Trøst,
Trenger,Hundelivia,Skøyteskjæret,
Knekkebror,Matta,Surbærkrattet,
Zeptik,Slettikke,Kvilebu,
Bårdom,Vendetta,Utslippet,
Venleik,Cappelene,Barnefaret,
Cappleik,Tukta,Nissefaret,
Slure,Lukta,Bestefaret,
Lure,Milevi,Engelsessen,
Bredben,Andrevara,Omoa,
Motvind,Tredjevara,Høneggen,
Nummer,Svevhild,Stuttlangen,
Kant,Nuppete,Pungroa,
Blyg,Fatta,Tettstedet,
Tasman,Tursti,Områa,
Grublius,Gudbenåda,Vreden,
Uro,Undertvild,Vinterværet,
Måman,Stelletilde,Finværet,
Kanman,Fetelie,Svettesson,
Snuplas,Agrarie,Buksesson,
Vorm,Vetrinaria,Dreie,
Sjøben,Bomhulda,Vesensforskjelli,
Slikkmund,Perfora,Ubli,
Toktak,Tottitta,Pinli,
Perineus,Primtalia,Schranke,
Duvar,Ballette,Mersom,
Mår,Spikrid,Parkeringsplassen,
Pallplas,Malabra,Fysjom,
Flerre,Grunnvanja,Sykne,
Møllestein,Drikkevanja,Pumpehus,
Tardu,Tungtvanja,Leppen,
Dings,Selfia,Seigne,
Kvervel,Duppeditte,Sørpå,
Fiber,Vizzte,Doen,
Sankthans,Worda,Dåsen,
Stappmert,Oventhilde,Dingsen,
Laben,Pottetette,Barbakk,
Briste,Bristi,Punktet,
Dristig,Sjura,Reiret,
Tørstig,Fyrri,Rotbløyten,
Villig,Glatta,Strupesang,
Eckte,Parallella,Rohrbu,
Fjacks,Corollara,Stivpynten,
Forvert,Trillrun,Misbruket,
Corollarius,Vartda,Overmodt,
Evigvar,Eternitte,Bergamodt,
Brevan,Isbitte,Fylkesgrensen,
Jernteper,Trossa,Kystlinja,
Fruman,Tvilte,Dokkeseng,
Brisen,Kanitte,Milelangen,
Tannpast,Moldur,Hulltangen,
Vantro,Wigsel,Overtroen,
Helve,Innta,Gudetroen,
Boplikk,Billette,Klokkertroen,
Vegre,Avtale,Bystebu,
Skålt,Dervara,Dytten,
Spegel,Kjønine,Trekkvekk,
Svartis,Nikky,Litjungen,
Byggestein,Spekky,Storungen,
Tofte,Brysei,Trollungen,
Pyntebård,Kemsade,Frissøra,
Rettetter,Såsynda,Utvendig,
Møne,Retrette,Siballjsnasen,
Peprus,Hobekka,Vettstugu,
Rigfar,Barnemor,Skjøg,
Gulars,Ombria,Skjød,
Collars,Bouillabaisse,Hamstredet,
Bankman,Derfora,Plystredet,
Storkar,Sederja,Gnistredet,
Burde,Wanilje,Jekkesnes,
Hojens,Trone,Vippsetangen,
Uerling,Stingshild,Vorp,
Vidde,Hurtigruth,Veppsen,
Lavpan,Finlandia,Gnisningen,
Slendrian,Kyndi,Mottaket,
Pinn,Ompa,Næær,
Molo,Veve,Roa,
Farlo,Nisa,Laksen,
Longs,Tverrsnitte,Rynke,
Toro,Morill,Krigh,
Tullin,Cockette,Snabben,
Rarin,Pegasussi,Framtun,
Blider,Skjelli,Billedsjø,
Føring,Konkordanse,Fanesaken,
Flettver,Kryona,Fastplass,
Sprettert,Karamba,Bispesessen,
Bikkove,Harrusetta,Sendebud,
Likens,Putrine,Underbaret,
Purung,Purine,Innaforr,
Solbert,Såda,Klikkbeitet,
Kafan,Gaffa,Spyttingen,
Gleppe,Problemfrid,Vederfaret,
Spisebård,Smelta,Litentitten,
Semmert,Mugla,Gravengrav,
Kikkhulf,Demra,Rothne,
Mår,Rimtrud,Kvaler,
Påpeik,Alikante,Kvele,
Ingenman,Handgunn,Fruktansvær,
Bestshelge,Verdige,Innsane,
Vigelan,Katarsiss,Gårdstun,
Fjernar,Katharra,Gjevær,
Neinar,Godtiholde,Styggvær,
Jadar,Kikkin,Monopolet,
Lysfest,Duda,Kakkane,
Jamann,Nilsara,Oversjåa,
Underst,Klimakterie,Overneset,
Prikkfrikk,Fredrekke,Butikkdammen,
Drekkifred,Stylotte,Heer,
Gåtaban,Illsine,Drabantbyen,
Draban,Salgny,Solhvervet,
Bondag,Kankny,Bondanger,
Ærver,Bedåra,Vinkjeller,
Knekker,Mangesamla,Lomma,
Kuling,Trenere,Langtkommen,
Perkolator,Freda,Bortkommen,
Husfred,Goshda,Ballskrekk,
Sjark,Nåti,Stemmebruket,
Bakbent,Forti,Humlebolet,
Bådéog,Kinkie,Sjarkson,
Spinkel,Fileterie,Sommerværet,
Fridtfor,Kabala,Vinterværet,
Spyon,Spyona,Høstværet,
Pepp,Vedda,Vårværet,
Typis,Donutte,Lusekammen,
Ekstron,Ekstrava,Drukken,
Blander,Pulsara,Feberhei,
Vektor,Skyfrid,Veksthus,
Langeman,Bedringensveig,Virkningen,
Veier,Skyldfrid,Anammen,
Stoklar,Persona,Ulvestammen,
Nummen,Bricke,Jodalen,
Takkar,Tafri,Neidalen,
Bukkar,Sjelette,Nehei,
Vestlan,Bergamotte,Kordal,
Måste,Meny,Stakkarsli,
Kemsin,Forbanna,Kemveita,
Vottolf,Holdihanna,Måstesen,
Pepper,Verdis,Kemsinsen,
Tracktor,Lisspi,Galmannsverk,
Steinrick,Ligglavia,Fineting,
Finlan,Ontaria,Kjempesen,
Estlan,Stylti,Suppesøl,
Gåddne,Prisgit,Tårenfelt,
Dregg,Forfinelse,Noenlund,
Sylfreck,Strøssel,Uvann,
Badmann,Bissel,Velvær,
Dakkar,Pistrid,Utgård,
Inntilben,Ibita,Vedenson,
Korkje,Nesla,Blittson,
Tokkert,Milevi,Fødtson,
Brent,Forbannelse,Oppskjær,
Bortlov,Nectarine,Nedskjæringen,
Tattavind,Gebisse,Håndteringen,
Gurgel,Kozy,Rushauer,
Pilgrim,Duhara,Bonanger,
Grom,Åsåda,Brislingen,
Dert,Vemjei,Teppefaldli,
Termin,Terminera,Vassen,
Depressivar,Kem,Vederspilt,
Grunnar,Vansine,Ibenholtet,
Pangstar,Fiskina,Purkeland,
Ullgen,Innbritt,Stekefettet,
Gorgonzola,Podagra,Halvli,
Effen,Eføy,Vortenær,
Edder,Leifa,Spinkelen,
Fjernar,Huderra,Trosretningen,
Prebert,Postille,Svevestø,
Farbart,Sifra,Makkverket,
Melonius,Sifrada,Bamsen,
Denderren,Kemede,Misfornøy,
Handerren,Hvasåda,Krypinn,
Snarlik,Omitjanna,Innevær,
Eller,Frontalie,Pissvær,
Enten,Fatalia,Dritvær,
Bliver,Hverandra,Finvær,
Verre,Forandra,Fravær,
Endaverre,Tilblivelse,Nærvær,
Nix,Illa,Arvær,
Blikkfan,Blålill,Slurvær,
Visto,Kjøriveig,Støtfanger,
Tørrloff,Splintrid,Opprydningen,
Skalk,Prippi,Herover,
Amalgam,Bergveig,Alskens,
Freddan,Tvilte,Utrydningen,
Sjeldan,Skremsel,Midtbanen,
Fissur,Fistel,Brannmansen,
Bredvid,Hierta,Clamp,
Fangstman,Hendelse,Gulpen,
Vorde,Ikkeblisena,Voldson,
Kumpan,Gjørdea,Fryserson,
Styrtrick,Dulene,Térsegson,
Garve,Alene,Stjert,
Meterian,Meandra,Kuu,
Spørres,Mitokondrie,Mørkred,
Falne,Atrie,Grunnstøtingen,
Nesten,Vennesegtilde,Tittenteigen,
Befengt,Pågli,Krupp,
Plyster,Farangja,Glup,
Traffan,Strømgjerd,Glipp,
Trillebård,Vimplene,Stusseli,
Dikt,Henne,Nyss,
Faster,Glemma,Farten,
Påpeik,Holivlia,Vriom,
Fridag,Hjemme,Bistungen,
Punktert,Korsveig,Nytteløs,
Filtrert,Whisky,Pregløs,
Pennalius,Klovdy,Nakkeslen,
Veto,Rådy,Drikkem,
Blåsiam,Ståda,Livli,
Vånde,Olala,Følldemhjem,
Engros,Koshli,Inngård,
Illeas,Ille,Illsen,
Baretan,Pine,Vekkerura,
Flyttelas,Jagguri,Fødtigård,
Sirkus,Bunada,Gårheim,
Emmen,Potete,Mormo,
Stifinn,Gensére,Knott,
Bryl,Tisthild,Spredt,
Filo,Eiegro,Knust,
Verste,Sista,Pulsøkningen,
Winwin,Tapta,Bukspretten,
Gjenedikt,Diktine,Talkum,
Jemen,Duodine,Skadestua,
Lesper,Gjemdine,Hulebo,
Virrat,Svolvor,Lengselen,
Deggern,Daggry,Pirre,
Finnfram,Ballhild,Knuph,
Stjalg,Nattny,Finstem,
Heisan,Natura,Heltrå,
Stable,Kravla,Enebo,
Kallfan,Plantine,Vaktson,
Tio,Borgvild,Tilval,
Ullen,Begynne,Snølykt,
Driver,Trassel,Sjirkegjenger,
Giver,Fullgot,Brofast,
Glattrak,Utgot,Forbruket,
Sneide,Utgjerd,Nyttelø,
Slipstein,Sjåtéa,Silsupen,
Hivert ,Ringetone,Tungtvannet,
Lavpan,Pipetone,Døpevannet,
Gråstein,Mosedotte,Sevjeflytten,
Småstein,Ura,Tømmerfløten,
Uer,Multi,Spytten,
Skrekling,Myrulla,Skropp,
Gapksrat,Fanteri,Femtitallet,
Villnis,Tretty,Skinnfellen,
Bilger,Primta,Tømmerstokkan,
Ulk,Råny,Bergveggen,
Kandor,Opportunista,Kaduveita,
Finslip,Brette,Kemveita,
Stivsin,Nestene,Paddeflata,
Multippel,Forgrenia,Berteby,
Dønk,Skiss,Mindresen,
Mindre,Friss,Hivertsen,
Mindreano,Dytte,Gjenediktsen,
Menisk,Mania,Æåsen,
Bittert,Skummela,Paddeflata,
Skummert,Igla,Tryck,
Renvas,Vamera,Urven,
Synke,Svimmela,Garva,
Ironius,Svindela,Bynerud,
Enbal,Gratine,Slutterud,
Smerter,Pyni,Skjelven,
Glemsel,Pastella,Doth,
Gitter,Sura,Langøra,
Dyntrek,Håra,Dursen,
Sittifred,Slutta,Pyrsen,
Jenkel,Jenka,Ståhei,
Umbraco,Fila,Jenkesen,
Pursk,Fiddla,Felesen,
Fiolius,Fiolina,Bassesen,
Eddik,Etikette,Essensen,
Boden,Bua,Husleia,
Styrfred,Styroline,Forstyrrelsen,
Stivert,Krampakti,Allværsjakka,
Prekær,Slarvia,Snakkesalia,
Brillo,Kontaktine,Ladningen,
Crocus,Konvekse,Grofjord,
Varulf,Harmlaug,Karmvær,
Blåmund,Månrun,Fjernvær,
Tørrgjær,Våghild,Harmanger,
Hevleik,Hevrun,Sjølstyrt,
Melert,Speltlaug,Finvær,
Omtrent,Forlatta,Vinvær,
Rugfar,Forklara,Ølvåg,
Emmer,Flokelia,Bokstavvika,
Superlion,Online,Avvika,
Bajaz,Omborda,Stavesen,
Antarkt,Billettine,Stabeisen,
Bark,Bulletine,Versefoten,
Brygge,Hovarikke,Helledussen,
Reisar,Stavlaug,Sussen,
Havar,Sellerie,Basilikumsen,
Abbor,Tomatine,Kumlock,
Stolpar,Gurkemeie,Ontifoten,
Pepper,Pepra,Strupen,
Herk,Nothild,Fagfeldt,
Pils,Sjelia,Sendreckt,
Støver,Sjamane,Tilfang,
Brenning,Halvetia,Dreck,
Blunder,Tempine,Stortseth,
Fikklov,Kollapse,Sånnseth,
Syntes,Durekka,Slikseth,
Hive,Parmesane,Styrten,
Travel,Stua,Bankers,
Blittslik,Butikke,Dåren,
Kortogodt,Gampelle,Utendørs,
Samtal,Samsvara,Framfoten,
Banter,Sulla,Fomoen,
Sathans,Misly,Begåsen,
Vinkel,Nyssi,Hengelåsen,
Brystfinn,Rustikke,Adressefeldt,
Frifinn,Boykotte,Spenningsfeldt,
Avfinn,Blotta,Akselerasjonsfeldt,
Bukfinn,Avgotte,Åpningsseth,
Smågodt,Vidotte,Lungenes,
Delfinn,Kulelyn,Pissred,
Kjeve,Adrenalinn,Istedet,
Streve,Barlinn,Innholtet,
Forlatan,Disiplinn,Utholdet,
Spurte,Vaselinn,Gråspreng,
Gresplen,Insulinn,Nakne,
Suspen,Kadaverdisipline,Briksen,
Vandrar,Formalia,Rotningen,
Køyar,Realia,Støysand,
Skiter,Tilte,Blikkfang,
Persilledus,Smågot,Heisand,
Caraffel,Stingsild,Flettverket,
Waffel,Pusla,Pustepaus,
Finte,Hegra,Vannføringen,
Netto,Nitid,Avføringen,
Dypdyk,Ibenhuld,Brakkvannet,
Brutto,Bryssel,Ostetoppen,
Ompus,Ompa,Edelgran,
Garnerin,Garnityra,Mangslungen,
Guttung,Potetgulla,Ramsal,
Blyttung,Tusenfrid,Dopreiret,
Fallerin,Skadefrid,Dettne,
Vingle,Øya,Mekkemo,
Vrål,Karakteristikken,Gamlehjem,
Ork,Innbil,Vassflata,
Sisten,Midtveig,Bindingstien,
Sisten,Ispine,Tangbo,
Førster,Brugla,Pynten,
Galle,Tieti,Kremplassen,
Empatus,Empatia,Innsikten,
Stilaban,Vamla,Enden,
Upen,Dørstokkmilla,Grisgrenda,
Lano,Serua,Nærenden,
Pikkolino,Sådua,Bakenden,
Sådun,Bardun,Lukkdøra,
Taplas,Myrdun,Lukkøye,
Uting,Pågot,Gakkgakken,
Dirre,Nikkelfrid,Posteien,
Dumpe,Smørefrid,Godvær,
Veksle,Strømlina,Sutter,
Minsten,Minsta,Spissroth,
Spartan,Nattara,Irrganger,
Fole,Drenerie,Gjenganger,
Drenerius,Silde,Hurten,
Trollior,Avshy,Sturten,
Pigg,Røykshy,Melk,
Æresor,Artsy,Høydehuset,
Fineor,Klumsy,Kykkeli,
Slåpåtron,Hoena,Borgerli,
Kummel,Hoandra,Ypperli,
Stillas,Alkoholfrid,Tettbebygda,
Seilas,Assuranse,Tinningen,
Kalas,Avdragsfrid,Tinnithus,
Eggeglas,Bakteriefrid,Sykehus,
Harselas,Avgiftsfrid,Kulthus,
Abakus,Competanse,Bedehus,
Tripp,Conferanse,Byggevarehus,
Wirus,Tolerance,Dukkehus,
Status,Konkurrance,Fattighus,
Annus,Alliance,Sporenstrecks,
Radius,Assistance,Kolbø,
Consert,Balance,Glemselen,
Orientert,Distance,Klemfaret,
Dressert,Avanse,Brannfaret,
Expert,Biscotte,Tuklesen,
Førarlaus,Dekanata,Annusen,
Tangert,Dekane,Radiussen,
Fingert,Murmelin,Hvitting,
Tispan,Orientera,Ungeflo,
Folkemund,Tistel,Tabernakke,
Overmann,Trutmunde,Springflo,
Trutmund,Drevhild,Syndefloden,
Nekro,Hihild,Utfloden,
Isator,Stasjonæra,Romstorp,
Preppe,Hvordanæra,Jamnstorp,
Framfus,Gårehæra,Understellet,
Diffus,Pikelill,Fossefram,
Lachs,Seia,Kockt,
Snau,Minsine,Bretting,
Flagger,Flagra,Endensen,
Nestor,Fistela,Gråmåsen,
Ombordstig,Stigrid,Bitter,
Bitwis,Vendbara,Grånenden,
Passus,Uønska,Filskiftet,
Rømter,Werdig,Unntaket,
Brunar,Rigrid,Tukletå,
Andrik,Undikke,Steckt,
Undik,Andrikke,Brasene,
Vordan,Kandrikke,Festenes,
Vorvaran,Vorerdi,Dungan,
Vemvaran,Inkurie,Trikseth,
Stengt,Lura,Fikseth,
Male,Nymala,Lachsen,
Fix,Fixa,Ståstedet,
Spiker,Garotte,Varmebøl,
Total,Irettesette,Reisverket,
Dytt,Klokkeklara,Kinnskjeg,
Elend,Gifteklara,Barten,
Mussick,Plateklara,Bukkeskjeg,
Musak,Glassklara,Nedoverbakken,
Fanesak,Kampklara,Hjemmefra,
Fyssak,Totelette,Annetsteds,
Godsak,Totemine,Dehr,
Kampsak,Fansikke,Forlangen,
Asap,Spiseborg,Knapphullet,
Nettbret,Iphona,Desktoppen,
Akebret,Fikktilde,Verken,
Soviro,Ganfrid,Stopå,
Skjermbret,Hagegjerd,Sattne,
Neserin,Sextette,Noknå,
Bero,Touretta,Galmann,
Sadel,Tellme,Kylen,
Bio,Nuppe,Kjempestøl,
Jogge,Joga,Ruskvær,
Ligger,Mye,Snøværet,
Fortan,Fortanna,Steinton,
Bodde,Totette,Blytun,
Påskius,Forefalla,Forbud,
Pinsius,Hasterikke,Utaskjærs,
Listig,Erte,Kua,
Helg,Hodegjerd,Tveeggen,
Ukedag,Nissefa,Samhaldet,
Kuruk,Badène,Edrum,
Tapas,Mista,Gurum,
Parkert,Knelia,Røbrum,
Parkas,Puttnia,Tiltrum,
Disse,Minka,Gudrum,
Verke,Kalvane,Minerydningen,
Detector,Stolane,Spredningen,
Krefter,Vestibylane,Innvi,
Jeksel,Molara,Innhula,
Standhaft,Prikketeste,Syngedammen,
Nester,Alone,Guldvann,
Sprakk,Ødsel,Uthula,
Periferius,Glissen,Mopp,
Raptus,Raptusse,Forsvaret,
Slemming,Heroina,Dyretråkket,
Munning,Henretta,Standplass,
Spilk,Elevere,Pallplassen,
Spiltmelk,Akebrette,Sisteman,
Ombré,Skjermbrette,Førsteman,
Movon,Pekepine,Andreman,
Karryon,Pungente,Tredjeman,
Fisle,Fissel,Lengeropp,
Yonder,Komda,Skleine,
Yngle,Kjømda,Tidevann,
Brodd,Nitris,Vannseng,
Ynk,Filma,Vammelen,
Ank,Stilna,Gudneveita,
Obb,Mildna,Æå,
Ogg,Bitt,Æåa,
Ermer,Tuni,Æeidet,
Lodne,Stulla,Lunken,
Staccato,Skjærine,Krank,
Ener,Vadasomfanda,Æeiaæåa,
Varmer,Galanta,Omfangsvik,
Sanning,Vinkjen,Evnevik,
Klenning,Ølla,Fenvik,
Hending,Perspirere,Fargevik,
Undring,Faderulla,Framgangsvik,
Vinning,Drone,Innflytelsesvik,
Winning,Lengsia,Kalorivik,
Bending,Mangårsia,Kunnskapsvik,
Blending,Eistundsia,Minnevik,
Kjenning,Littsia,Primalskvik,
Bløder,Ingentine,Sinnvik,
Tancrem,Mørtel,Tvadisjonsvik,
Osmose,Mingli,Tallvik,
Kredo,Glatta,Vitaminvik,
Ifredo,Kinky,Varselskvik,
Måskjeno,Prosecca,Folkekjerr,
Marengs,Tematikken,Ærekjerr,
Blings,Tema,Menneskekjerr,
Stempel,Brikette,Varmekjerr,
Aggro,Følgene,Blodgiversen,
Slickt,Pipette,Wisserwasser,
Sikkert,Sukrosa,Kremtoppen,
Nykter,Kvartetta,Geletoppen,
Nectar,Nectarine,Luksussen,
Mavemund,Possemente,Kristeli,
Barnemund,Kjøssmeig,Trangbo,
Vikarus,Vikarie,Ubebo,
Vissvas,Fioline,Takksand,
Latans,Hermeline,Uth,
Kreole,Berline,Ustøa,
Ansvar,Lanolinn,Armstøa,
Staver,Masculine,Ryggstøa,
Skistav,Stalina,Bortum,
Velde ,Musseline,Hjemum,
Fining,Penicilline,Innum,
Vagus,Poplinn,Utum,
Helstein,Rusfrid,Kastem,
Lesper,Lespera,Våpenskjold,
Foranders,Fengsla,Blantandersen,
Blantanders,Stemplene,Frykteli,
Hveranders,Veksla,Hjerteli,
Duharan,Kloelle,Spisno,
Stemplan,Laverda,Utveien,
Gonock,Komigjenda,Løsningen,
Stanz,Barbera,Filleristen,
Pricklick,Flyttbara,Kodeksen,
Kontér,Virrvara,Forbrytersen,
Mindré,Moussolina,Antagersen,
Klaustro,Kemtoka,Drukkenbolten,
Vånd,Finnuta,Dameblaet,
Syfel,Kadavera,Korkem,
Mormund,Fatalie,Avfallet,
Mormon,Rykerava,Snuplatz,
Ytter,Aparte,Snauklippen,
Dytter,Nymahala,Momangen,
Klaver,Finnutta,Fyskja,
Nummer,Eisidisi,Svakstrømmen,
Kubein,Bjellene,Sluttdal,
Rogeir,Eggy,Stortromma,
Tomgan,Partielle,Utvannet,
Utvan,Nymalie,Nedbredd,
Sterben,Miste,Utafor,
Morgen,Birgera,Innafor,
Sorgar,Blody,Sterbensen,
Bærbart,Barbarina,Berbartsen,
Farbart,Kabala,Hvadalen,
Visfram,Skala,Klemm,
Sporavno,Vaia,Uhorveli,
Ageles,Veneria,Nusseli,
Krypin,Tåkela,Ødemark,
Hopeles,Fargela,Svinestien,
Venflon,Fanta,Fredstien,
Tyktes,Ødela,Fartstien,
Vidottar,Drikke,Hånfli,
Styrkedrick,Minimalia,Fliom,
Leskedrick,Maximalia,Sottesen,
Frittfram,Metermålfrid,Stivpynten,
Nullonix,Magemålfrid,Gofoten,
Laber,Postveig,Slimål,
Jaffal,Hylleba,Snuom,
Hander,Forsinkelse,Dreiom,
Koko,Bekkasine,Punktom,
Styg,Magasine,Vedstabel,
Knirkefrikk,Minsine,Hvalhall,
Burk,Kohorte,Buqsuesson,
Kolbert,Pirka,Rusbruket,
Tungel,Circa,Dønnærlia,
Perung,Mosedot,Qappuesson,
Venflonius,Billiana,Regnjaquesson,
Forsmodd,Finja,Allværsjaquesson,
Kankan,Grønnja,Krokut,
Krokus,Vondja,Drikkevann,
Komistus,Stårteliv,Dritleia,
Ragnvinder,Holura,Grimpelvik,
Høstvinder,Hofine,Brudeskog,
Simpo,Noti,Tungerot,
Søster,Dagti,Busemann,
Kørn,Antikken,Syndebuck,
Bro,Statistikken,Krack,
Sovner,Kissmi,Motstanden,
Oppresjohn,Låvmi,Litenplass,
Simpel,Livmi,Masseplass,
Kåfistein,Musikken,Frontal,
Tallrick,Metrikken,Atal,
Størkner,Vikla,Kald,
Frackt,Vendette,Nedfallet,
Fikkel,Griljera,Sitteplass,
Kjortel,Tistille,Påsinplass,
Todel,Avmagrette,Punktum,
Ryker,Avsagette,Rektum,
Andel,Avstrafette,Vimseth,
Klingel,Bilsette,Renseth,
Skalleban,Enquette,Stanseth,
Veie,Flysette,Rykerson,
Gromgot,Andela,Liderson,
Vinter,Påtygga,Ankelen,
Pregert,Hvine,Måltross,
Andar,Hvissel,Wingmann,
Skeidar,Likette,Omveltet,
Tåke,Mortnabelle,Bestemo,
Vedvar,Comforte,Oldemo,
Permer,Perma,Jordmo,
Melorm,Følelse,Gnag,
Nisste,Bulguri,Klørson,
Eklesiastian,Yaga,Dyngen,
Revlon,Morkna,Adoptivmo,
Torden,Dyne,Stemo,
Fantastian ,Kulelyn,Godsli,
Nærbill,Røsslyn,Kattungen,
Orm,Ryggmor,Leilighetta,
Våken,Spaopplevelse,Forsaker,
Vånd,Dygra,Bondager,
Vuxen,Hetta,Hvorpen,
Illan,Vinkla,Truseng,
Sjømil,Geberda,Roperson,
Sjumil,Timila,Pælmer,
Femmil,Femmila,Fotgjenger,
Ener,Råbra,Suisidal,
Sutre,Gåivanne,Toa,
Høylof,Handihanne,Bodplass,
Skrotlof,Frabeth,Postpartum,
Pigvar,Innbeth,Trøndabarta,
Lekegrin,Inngot,Mistatråden,
Komno,Mordgot,Rimeli,
Tator,Avarta,Stussli,
Raptor,Uvilje,Korpstu,
Cranck,Promille,Fiskeskjær,
Puttnin,Halodra,Frisck,
Tanutien,Midly,Syyck,
Mysterion,Timetra,Halvveien,
Aviarion,Allossandra,Nyyp,
Delirion,Mysterie,Kniip,
Dormitorion,Harmonia,Barbakk,
Akvarion,Akvaria,Stupfugl,
Eddick,Dormitoria,Boligfeldt,
Jodle,Deliria,Adressefeldt,
Tender,Tematikken,Domfeldt,
Nerdar,Interessa,Gangfeldt,
Nøkter,Morill,Hyttefeldt,
Tverre,Morbida,Interessefeldt,
Ordnar,Gårdeanna,Kollektivfeldt,
Staskar,Drua,Magnetfeldt,
Podens,Edruely,Minefeldt,
Ponens,Dodopine,Nedfeldt,
Fisefinn,Pirkerie,Oljefeldt,
Wakkel,Url,Gassfeldt,
Nohender,Mortense,Praksisfeldt,
Grunning,Filippense,Byggefeldt,
Spenning,Grensa,Saumfaret,
Hundre,Murene,Startfeldt,
Beitan,Morene,Søkefeldt,
Rødrus,Fircanta,Synsfeldt,
Wågal,Rotera,Ytterfeldt,
Strøsan,Tømuti,Gråtenskvedt,
Vegetarian,Gånedi,Drikkenskvedt,
Norvegian,Ibeita,Ønskeli,
Meridian,Hobeita,Utroli,
Villing,Ibelgia,Orkerud,
Mekling,Tamrotta,Grønnskollen,
Stemning,Myrplante,Spiltmelck,
Aksling,Maskara,Breck,
Rotor,Tiara,Ljuvlia,
Asyndeton,Journalissa,Luftbruen,
Foton,Pluralissa,Mambo,
Maraton,Dessmerie,Stuntet,
Remington,Industri,Rasfaret,
Dessmer,Frostri,Risck,
Uran,Urana,Stemo,
Tamrein,Mamba,Vettskrenten,
Miolin,Mioline,Pynteknotten,
Harabal,Ravina,Sameidet,
Breiald,,Renholdt,